eps,min_samples,clusters,silhouette_score
0.1,3,23,0.30055701755650666
0.1,5,26,0.25599816701782524
0.1,10,3,-0.3024282377394784
0.3,3,2,0.27347292246084093
0.3,5,2,0.27347292246084093
0.3,10,2,0.27347292246084093
0.5,3,2,0.38293338207438365
0.5,5,2,0.38293338207438365
0.5,10,2,0.38293338207438365
1.0,3,1,-1.0
1.0,5,1,-1.0
1.0,10,1,-1.0
