Method,Accuracy,Training Time
Original Features,0.9722222222222222,0.20510029792785645
PCA Features,0.9722222222222222,0.09935736656188965
