Cluster,sepal length (cm),sepal width (cm),petal length (cm),petal width (cm)
0,6.2620000000000005,2.872,4.906000000000001,1.676
1,5.006,3.428,1.462,0.24600000000000002
