Method,Accuracy,Training Time
Original Features,0.9722222222222222,0.7319958209991455
PCA Features,0.9722222222222222,0.31800127029418945
